7.673455774784088135e-02,1.995487511157989502e-02,5.030997470021247864e-02,3.927832096815109253e-02,5.156710743904113770e-02,2.840933389961719513e-02,1.976575702428817749e-02,1.312327757477760315e-02,1.312012225389480591e-02,2.273758500814437866e-02,3.793418407440185547e-02,1.259148120880126953e-05,2.533197402954101562e-07,1.959036290645599365e-02,5.252659320831298828e-06,-1.116842031478881836e-05,3.494013845920562744e-02,3.799285739660263062e-02,1.312525384128093719e-02,7.594622671604156494e-03,3.116981685161590576e-02,-1.585483551025390625e-05,1.348818466067314148e-02,2.904577553272247314e-02,3.392923250794410706e-02,1.154467463493347168e-05,3.753284364938735962e-02,2.737750485539436340e-02,5.970522761344909668e-05,9.025223553180694580e-03,4.030843451619148254e-02,2.458339557051658630e-02,1.348756812512874603e-02,3.052902594208717346e-02,5.882233381271362305e-06,5.171634256839752197e-06,1.560896635055541992e-05
1.994512230157852173e-02,4.211333021521568298e-02,2.345832809805870056e-02,1.566348597407341003e-02,1.583525165915489197e-02,2.955850213766098022e-02,5.706638097763061523e-03,2.408115565776824951e-02,1.833572983741760254e-02,1.168950088322162628e-02,7.540509104728698730e-03,9.200997650623321533e-03,8.360416628420352936e-03,7.703475654125213623e-03,8.355254307389259338e-03,1.388043165206909180e-05,2.305592969059944153e-02,7.560379803180694580e-03,3.772810101509094238e-03,-1.113489270210266113e-05,8.886300027370452881e-03,1.138997822999954224e-02,2.346234396100044250e-06,1.792718097567558289e-02,-5.118548870086669922e-06,-6.398782134056091309e-04,6.489686667919158936e-03,1.467392593622207642e-02,1.396713033318519592e-02,6.343349814414978027e-03,-1.744180917739868164e-05,-3.073364496231079102e-06,-1.819804310798645020e-05,-5.755573511123657227e-07,1.341104507446289062e-06,9.354203939437866211e-06,1.965463161468505859e-05
5.029679462313652039e-02,2.343822643160820007e-02,7.624083757400512695e-02,6.326286494731903076e-02,2.804290316998958588e-02,5.050062388181686401e-02,1.540407538414001465e-06,1.390278339385986328e-05,-6.519258022308349609e-07,-1.870095729827880859e-06,1.263933256268501282e-02,-1.790001988410949707e-05,-5.864351987838745117e-05,3.083090856671333313e-02,2.325326204299926758e-05,-1.296773552894592285e-05,5.658146739006042480e-02,1.263748854398727417e-02,-3.352761268615722656e-07,2.484768629074096680e-06,9.908933192491531372e-03,2.576038241386413574e-06,1.056194305419921875e-04,7.504425942897796631e-03,2.545490860939025879e-05,-6.161630153656005859e-06,2.064947783946990967e-02,4.933484643697738647e-02,1.284992322325706482e-06,-9.588897228240966797e-06,9.651295840740203857e-06,4.556030035018920898e-06,-1.167878508567810059e-06,5.859136581420898438e-05,-1.462921500205993652e-05,9.644776582717895508e-06,3.077089786529541016e-05
4.260918498039245605e-02,1.568989455699920654e-02,6.328754127025604248e-02,7.212775945663452148e-02,2.297497540712356567e-02,4.906079918146133423e-02,-2.025812864303588867e-05,-6.362795829772949219e-06,9.596347808837890625e-06,-3.237277269363403320e-05,-2.540647983551025391e-06,-2.423301339149475098e-06,-1.298263669013977051e-06,3.074306249618530273e-02,3.698840737342834473e-05,5.034357309341430664e-05,5.412360653281211853e-02,4.687160253524780273e-05,3.254413604736328125e-05,1.147389411926269531e-06,1.327463053166866302e-02,3.366917371749877930e-05,1.680105924606323242e-06,1.002154313027858734e-02,-1.849373802542686462e-06,1.011509448289871216e-05,2.064068242907524109e-02,4.522966593503952026e-02,-1.320242881774902344e-05,1.600757241249084473e-05,-3.840774297714233398e-06,3.647804260253906250e-05,-4.467088729143142700e-06,-3.695487976074218750e-06,2.846121788024902344e-06,1.563876867294311523e-05,4.017725586891174316e-06
6.633082032203674316e-02,1.581241190433502197e-02,2.802680432796478271e-02,2.301989682018756866e-02,9.626886248588562012e-02,3.366699069738388062e-02,8.387555181980133057e-02,3.109713643789291382e-02,3.183428943157196045e-02,4.858381301164627075e-02,5.254040658473968506e-02,2.653564140200614929e-02,3.659546002745628357e-02,4.881935194134712219e-02,1.078374683856964111e-02,3.278754651546478271e-02,2.653051167726516724e-02,5.233425647020339966e-02,4.434701800346374512e-02,4.832645505666732788e-02,6.228545308113098145e-02,-4.241615533828735352e-05,3.192938491702079773e-02,6.207175552845001221e-02,6.598952412605285645e-02,1.718103885650634766e-05,6.364736706018447876e-02,2.708391100168228149e-02,1.970306038856506348e-05,4.124335944652557373e-03,2.213464677333831787e-01,5.427107214927673340e-02,6.104348227381706238e-03,1.195166707038879395e-01,8.294738829135894775e-03,9.001888334751129150e-03,8.320141583681106567e-03
2.841078862547874451e-02,2.955667674541473389e-02,5.050968378782272339e-02,4.904816672205924988e-02,3.370892629027366638e-02,7.843433320522308350e-02,4.364993423223495483e-03,2.115979976952075958e-02,1.684156991541385651e-02,2.013155817985534668e-02,5.780927836894989014e-03,1.413623988628387451e-02,1.919034868478775024e-02,4.838437959551811218e-02,1.915458589792251587e-02,1.655556261539459229e-02,5.118751898407936096e-02,5.763597786426544189e-03,1.448952406644821167e-02,8.181300014257431030e-03,1.589787378907203674e-02,8.728921413421630859e-03,-8.150190114974975586e-05,2.577154338359832764e-02,5.999814718961715698e-03,-1.595541834831237793e-05,2.563069015741348267e-02,5.950696766376495361e-02,1.073312759399414062e-02,9.760655462741851807e-03,2.927975729107856750e-03,-6.649643182754516602e-06,3.657303750514984131e-06,8.365411311388015747e-03,9.851045906543731689e-03,1.077100634574890137e-02,9.886763989925384521e-03
2.594362571835517883e-02,5.704525858163833618e-03,2.716481685638427734e-05,-4.324130713939666748e-06,3.247516602277755737e-02,4.372373223304748535e-03,7.214120775461196899e-02,3.648275136947631836e-02,3.761799260973930359e-02,3.137458860874176025e-02,-8.046627044677734375e-05,-1.048669219017028809e-06,3.617256879806518555e-06,2.742229402065277100e-02,4.678964614868164062e-06,3.045424818992614746e-06,8.545815944671630859e-06,1.354515552520751953e-05,3.814706951379776001e-02,8.691281080245971680e-03,1.707961782813072205e-02,8.061528205871582031e-06,1.540438830852508545e-02,2.802796661853790283e-02,2.990606427192687988e-02,2.240762114524841309e-06,2.469218894839286804e-02,2.749264240264892578e-06,3.817977756261825562e-02,4.857815429568290710e-02,1.933970861136913300e-02,3.283736109733581543e-02,1.540008559823036194e-02,2.569999545812606812e-02,1.380592584609985352e-05,-1.255422830581665039e-05,1.640617847442626953e-05
8.399026095867156982e-02,2.407421544194221497e-02,-3.408640623092651367e-06,-2.036616206169128418e-05,3.106976300477981567e-02,2.110475674271583557e-02,9.332865476608276367e-02,1.385059207677841187e-01,6.531859934329986572e-02,4.787147045135498047e-02,-1.434236764907836914e-05,9.025271981954574585e-03,3.467933088541030884e-02,1.244738698005676270e-02,8.197836577892303467e-03,-2.831220626831054688e-07,9.033188223838806152e-03,-8.403509855270385742e-05,3.334854543209075928e-02,-4.256144165992736816e-06,2.213056385517120361e-02,7.362157851457595825e-02,-1.382082700729370117e-05,4.557424783706665039e-02,1.923952624201774597e-02,5.486916052177548409e-06,2.232666499912738800e-02,7.184706162661314011e-03,1.177425831556320190e-01,5.689287185668945312e-02,1.477202773094177246e-02,2.223402261734008789e-02,-1.313909888267517090e-05,1.923802867531776428e-02,-2.838671207427978516e-05,-1.963973045349121094e-05,-9.588897228240966797e-06
3.526000082492828369e-01,1.832598820328712463e-02,2.112588845193386078e-06,-2.253800630569458008e-06,3.182516619563102722e-02,1.687077432870864868e-02,5.719297006726264954e-02,5.761048197746276855e-01,6.823712587356567383e-02,4.977272078394889832e-02,1.351535320281982422e-05,3.167932033538818359e-01,2.329562604427337646e-02,2.170091867446899414e-02,8.740492165088653564e-03,1.091510057449340820e-06,9.634144604206085205e-03,-2.187862992286682129e-05,3.408814221620559692e-02,-1.651048660278320312e-05,2.233827300369739532e-02,7.096632570028305054e-02,-2.637505531311035156e-06,4.264172911643981934e-02,1.924275606870651245e-02,-9.052455425262451172e-06,2.275662496685981750e-02,7.661196403205394745e-03,1.241373643279075623e-01,6.597983837127685547e-02,1.477458700537681580e-02,2.221325412392616272e-02,-2.644956111907958984e-06,1.923571527004241943e-02,1.543015241622924805e-05,2.545863389968872070e-05,2.570450305938720703e-05
2.277408540248870850e-02,1.168305054306983948e-02,2.118200063705444336e-05,-1.940876245498657227e-06,4.860840737819671631e-02,2.014048025012016296e-02,3.135560452938079834e-02,4.788944870233535767e-02,4.977489635348320007e-02,5.802176520228385925e-02,1.992116495966911316e-02,1.536617428064346313e-02,1.391769200563430786e-02,1.273330301046371460e-02,1.391660608351230621e-02,8.993081748485565186e-03,7.692553102970123291e-03,1.988567784428596497e-02,5.065693706274032593e-02,8.893776684999465942e-03,2.901263535022735596e-02,1.253373920917510986e-05,-9.823590517044067383e-06,4.651939123868942261e-02,1.669158414006233215e-02,1.221895217895507812e-06,1.923108473420143127e-02,1.221806928515434265e-02,1.744082942605018616e-02,1.058436557650566101e-02,2.556886710226535797e-02,2.593715488910675049e-02,7.003545761108398438e-06,3.491985797882080078e-02,1.080031692981719971e-02,-4.457682371139526367e-05,1.077470555901527405e-02
1.510301977396011353e-01,7.544264197349548340e-03,1.262270100414752960e-02,-4.483014345169067383e-05,6.499689817428588867e-02,5.787841975688934326e-03,1.957952976226806641e-02,-1.651793718338012695e-05,7.823109626770019531e-07,1.990948244929313660e-02,4.110628962516784668e-01,-8.541345596313476562e-05,-1.164972782135009766e-04,1.367004215717315674e-02,1.493841409683227539e-06,-2.523791044950485229e-05,4.930898547172546387e-03,9.341546297073364258e-01,2.068281173706054688e-05,8.044764399528503418e-05,5.504759401082992554e-02,6.152316927909851074e-06,-5.800276994705200195e-05,4.645369946956634521e-02,5.975588038563728333e-02,-6.597489118576049805e-06,4.010290652513504028e-02,3.946512937545776367e-03,4.999339580535888672e-06,5.207955837249755859e-06,9.270969033241271973e-02,3.178366646170616150e-02,-2.019107341766357422e-06,4.245730489492416382e-02,-8.430331945419311523e-06,1.129135489463806152e-05,-1.586973667144775391e-05
6.322573125362396240e-02,9.304761886596679688e-03,3.116205334663391113e-06,1.520663499832153320e-05,3.536044061183929443e-02,1.412730012089014053e-02,1.385841891169548035e-02,9.029664099216461182e-03,9.631529450416564941e-03,1.535034924745559692e-02,1.917406916618347168e-05,7.183306664228439331e-02,1.052451878786087036e-01,2.977131679654121399e-02,2.193894982337951660e-02,5.618428811430931091e-02,1.214010268449783325e-02,2.963095903396606445e-05,4.323296248912811279e-02,2.088848352432250977e-01,3.891713917255401611e-03,-1.136958599090576172e-05,4.196994751691818237e-02,8.832804858684539795e-03,-1.031160354614257812e-05,6.407499313354492188e-06,2.512451633810997009e-02,1.926278695464134216e-02,1.292675733566284180e-06,-5.141645669937133789e-05,1.193816866725683212e-02,-1.563131809234619141e-05,-1.343153417110443115e-05,1.589421555399894714e-02,1.697507873177528381e-02,8.292496204376220703e-06,1.699487119913101196e-02
1.995217949151992798e-01,8.294947445392608643e-03,9.238719940185546875e-07,-1.391768455505371094e-05,4.207181185483932495e-02,1.920233108103275299e-02,8.687559515237808228e-03,8.191535249352455139e-03,8.718319237232208252e-03,1.392234489321708679e-02,1.373887062072753906e-05,6.393882632255554199e-02,1.053518056869506836e-01,4.543428495526313782e-02,2.990044653415679932e-02,2.613529562950134277e-01,1.097823679447174072e-02,3.122538328170776367e-05,3.554780781269073486e-02,4.207318127155303955e-01,3.520477563142776489e-03,-2.620741724967956543e-06,3.706645965576171875e-02,7.874242961406707764e-03,-1.304969191551208496e-05,2.186745405197143555e-06,1.803730987012386322e-02,2.619466930627822876e-02,-5.079805850982666016e-05,-9.496696293354034424e-06,7.384784519672393799e-03,-3.919005393981933594e-06,7.934868335723876953e-07,9.925805032253265381e-03,1.541741937398910522e-02,1.156702637672424316e-05,1.536465063691139221e-02
4.551364108920097351e-02,7.647897116839885712e-03,3.081445023417472839e-02,3.083377331495285034e-02,2.307371050119400024e-02,4.840410873293876648e-02,2.750848233699798584e-02,7.479734718799591064e-03,7.989343255758285522e-03,1.273734681308269501e-02,-1.016259193420410156e-05,2.009730786085128784e-02,2.731825970113277435e-02,8.058496564626693726e-02,2.736350521445274353e-02,2.356585860252380371e-02,3.792762383818626404e-02,-3.426335752010345459e-06,8.226420730352401733e-03,1.745819859206676483e-02,3.229876980185508728e-03,-2.387911081314086914e-06,1.034735143184661865e-02,7.311802357435226440e-03,8.621763437986373901e-03,-2.018362283706665039e-05,3.127763420343399048e-02,5.478892847895622253e-02,4.622682929039001465e-02,5.317165702581405640e-02,4.168778657913208008e-03,8.779879659414291382e-03,1.037754863500595093e-02,6.037108600139617920e-03,1.411049813032150269e-02,1.504272222518920898e-05,1.409831643104553223e-02
3.822147846221923828e-06,8.340351283550262451e-03,1.439824700355529785e-06,8.080154657363891602e-06,1.075300946831703186e-02,1.920108869671821594e-02,-3.082863986492156982e-05,8.177556097507476807e-03,8.807040750980377197e-03,1.393374986946582794e-02,6.115064024925231934e-06,2.194158732891082764e-02,2.985391765832901001e-02,2.733472734689712524e-02,2.985178306698799133e-02,2.581071853637695312e-02,1.098004914820194244e-02,6.087124347686767578e-06,8.991716429591178894e-03,1.271300762891769409e-02,3.543272614479064941e-03,-4.790723323822021484e-06,9.092502295970916748e-06,8.002031594514846802e-03,2.701021730899810791e-05,1.940503716468811035e-05,7.725208997726440430e-03,2.617844380438327789e-02,-3.393180668354034424e-05,9.097158908843994141e-06,1.040101051330566406e-05,-2.168118953704833984e-06,4.110485315322875977e-05,-1.929700374603271484e-06,1.541060954332351685e-02,6.861984729766845703e-06,1.538087427616119385e-02
4.385411739349365234e-05,1.246854662895202637e-05,-9.913928806781768799e-07,-9.447336196899414062e-06,3.279612213373184204e-02,1.655942574143409729e-02,-2.499669790267944336e-06,2.913177013397216797e-06,1.469627022743225098e-06,9.012084454298019409e-03,9.685754776000976562e-06,5.621512234210968018e-02,6.279032677412033081e-02,6.086605414748191833e-02,2.575670182704925537e-02,7.036922872066497803e-02,4.999339580535888672e-06,9.510666131973266602e-06,1.163459569215774536e-02,8.183507621288299561e-02,-1.124441623687744141e-04,5.923211574554443359e-06,3.703529760241508484e-02,6.899869069457054138e-03,-3.360211849212646484e-06,1.379549503326416016e-04,1.978129148483276367e-05,2.259220182895660400e-02,9.641051292419433594e-06,1.933425664901733398e-05,3.282725811004638672e-05,1.227483153343200684e-05,1.156330108642578125e-05,2.214685082435607910e-06,1.992037706077098846e-02,-8.422881364822387695e-06,1.995272189378738403e-02
3.567654266953468323e-02,2.306147664785385132e-02,5.665742233395576477e-02,5.412376299500465393e-02,5.569569766521453857e-02,5.117087811231613159e-02,5.105774849653244019e-03,9.037034586071968079e-03,9.634084999561309814e-03,7.689267396926879883e-03,4.952467978000640869e-03,1.211426407098770142e-02,1.098262146115303040e-02,4.153186455368995667e-02,1.093634217977523804e-02,6.105750799179077148e-06,1.212096065282821655e-01,4.978731274604797363e-03,7.625669240951538086e-06,-3.273785114288330078e-05,1.170672848820686340e-02,-8.638948202133178711e-06,4.164874553680419922e-06,8.818412199616432190e-03,5.237758159637451172e-06,5.055218935012817383e-06,3.330941125750541687e-02,5.274092406034469604e-02,-1.642853021621704102e-05,-6.627291440963745117e-06,4.402078688144683838e-03,8.292183279991149902e-03,1.107668504118919373e-05,5.863781087100505829e-03,-8.199363946914672852e-06,-3.307126462459564209e-05,-3.524124622344970703e-06
3.896163403987884521e-02,7.553752511739730835e-03,1.263797655701637268e-02,-2.708286046981811523e-06,1.248257160186767578e-01,5.785057321190834045e-03,7.557292468845844269e-03,-7.101334631443023682e-06,-9.302049875259399414e-06,2.003348618745803833e-02,7.664433121681213379e-02,-7.288530468940734863e-06,-1.451000571250915527e-06,5.295220762491226196e-03,-2.788752317428588867e-05,2.861768007278442383e-05,4.967261105775833130e-03,7.665375620126724243e-02,8.627772331237792969e-06,4.682689905166625977e-06,5.503351986408233643e-02,-1.964718103408813477e-05,2.293288707733154297e-05,4.644053056836128235e-02,3.531626611948013306e-02,-2.081692218780517578e-05,2.565397322177886963e-02,3.948614001274108887e-03,-7.629394531250000000e-06,-4.480779170989990234e-05,8.235021680593490601e-02,1.226796768605709076e-02,2.026557922363281250e-05,2.859219908714294434e-02,1.575052738189697266e-05,6.891787052154541016e-07,-3.379955887794494629e-05
1.364127546548843384e-02,3.808267414569854736e-03,-3.863126039505004883e-06,-5.947425961494445801e-06,7.961325347423553467e-02,1.445147767663002014e-02,4.210285842418670654e-02,3.332455828785896301e-02,3.405079990625381470e-02,5.076931416988372803e-02,-7.311254739761352539e-05,9.941736236214637756e-03,8.978895843029022217e-03,1.104171574115753174e-02,8.809034712612628937e-03,1.165318675339221954e-02,3.930181264877319336e-05,-1.326203346252441406e-05,6.287799775600433350e-02,1.150197535753250122e-02,3.201679140329360962e-02,2.177059650421142578e-05,1.213606446981430054e-05,4.335513710975646973e-02,1.926145888864994049e-02,-2.634897828102111816e-05,2.073759213089942932e-02,7.897846400737762451e-03,1.375284045934677124e-05,8.054077625274658203e-06,1.817052066326141357e-02,3.730842843651771545e-02,4.912726581096649170e-08,4.734526574611663818e-02,1.387955062091350555e-02,7.152557373046875000e-07,1.390329748392105103e-02
9.291766211390495300e-03,5.785375833511352539e-06,-4.187226295471191406e-06,1.473277807235717773e-04,6.055261194705963135e-02,8.166674524545669556e-03,1.502374932169914246e-02,7.987022399902343750e-06,-1.534819602966308594e-06,8.901041001081466675e-03,5.997717380523681641e-07,6.344930082559585571e-02,7.806839793920516968e-02,2.189970016479492188e-02,1.276028901338577271e-02,8.173516392707824707e-02,-2.236198633909225464e-05,9.994953870773315430e-06,1.150116324424743652e-02,1.269526928663253784e-01,2.045929431915283203e-05,4.791654646396636963e-06,7.987909018993377686e-02,6.830335594713687897e-03,1.194092631340026855e-02,9.555369615554809570e-06,1.746534556150436401e-02,1.116177625954151154e-02,-1.333653926849365234e-06,9.673314169049263000e-03,1.129634119570255280e-02,1.227881759405136108e-02,1.444733515381813049e-02,1.571326702833175659e-02,5.747130513191223145e-02,2.140179276466369629e-06,5.735822021961212158e-02
3.174021095037460327e-02,8.904192596673965454e-03,9.912079200148582458e-03,1.325776800513267517e-02,1.165217682719230652e-01,1.589973643422126770e-02,2.112565003335475922e-02,2.219910360872745514e-02,2.234368398785591125e-02,2.904395759105682373e-02,5.503444001078605652e-02,3.902882337570190430e-03,3.559272736310958862e-03,6.052993237972259521e-03,3.535661846399307251e-03,8.208677172660827637e-06,1.168704219162464142e-02,5.503498017787933350e-02,3.199006244540214539e-02,-2.946704626083374023e-06,6.426955014467239380e-02,2.008303999900817871e-05,2.280622720718383789e-05,5.261184647679328918e-02,3.151569515466690063e-02,9.629875421524047852e-07,2.417264319956302643e-02,6.231527775526046753e-03,-2.415850758552551270e-06,8.551636710762977600e-06,6.459422409534454346e-02,2.581178769469261169e-02,-9.909272193908691406e-07,3.980985656380653381e-02,-3.051012754440307617e-06,1.180381886661052704e-02,-2.583488821983337402e-06
7.440879940986633301e-03,1.142787188291549683e-02,6.490387022495269775e-06,-5.308538675308227539e-06,-1.661479473114013672e-05,8.713953197002410889e-03,-3.907829523086547852e-06,2.234141156077384949e-02,2.382574230432510376e-02,-2.308515831828117371e-07,3.121793270111083984e-06,5.298480391502380371e-05,5.997484549880027771e-06,-1.433864235877990723e-05,-1.187622547149658203e-05,4.354119300842285156e-05,8.374452590942382812e-05,1.559406518936157227e-05,2.216547727584838867e-05,9.402632713317871094e-06,2.862513065338134766e-05,7.407192885875701904e-02,-1.799315214157104492e-06,7.295791991055011749e-03,-2.834945917129516602e-05,1.924112439155578613e-06,-2.002716064453125000e-05,-2.751499414443969727e-05,2.324581146240234375e-06,1.462548971176147461e-05,-1.348042860627174377e-05,7.651746273040771484e-06,-1.500360667705535889e-06,8.292496204376220703e-06,-1.596659421920776367e-05,-6.130896508693695068e-06,5.252659320831298828e-07
1.351170614361763000e-02,7.105991244316101074e-06,-1.445412635803222656e-05,2.261251211166381836e-06,3.193730488419532776e-02,1.456588506698608398e-05,1.540437340736389160e-02,-5.289912223815917969e-07,-1.093000173568725586e-05,8.422881364822387695e-06,-2.693384885787963867e-06,4.204548150300979614e-02,3.709852695465087891e-02,1.031753420829772949e-02,5.279481410980224609e-05,3.708644956350326538e-02,4.228949546813964844e-05,-2.749264240264892578e-06,-2.160668373107910156e-06,7.981504499912261963e-02,3.045424818992614746e-06,2.375990152359008789e-05,6.265863031148910522e-02,1.039728522300720215e-05,2.121335081756114960e-02,-1.668184995651245117e-05,1.743670552968978882e-02,4.129111766815185547e-05,5.310028791427612305e-05,1.719121262431144714e-02,1.033484190702438354e-02,2.190067619085311890e-02,2.564449049532413483e-02,1.480875909328460693e-02,-9.305775165557861328e-06,4.936009645462036133e-06,-5.476176738739013672e-06
2.911924570798873901e-02,1.792828366160392761e-02,7.473796606063842773e-03,1.001233886927366257e-02,6.206230819225311279e-02,2.573911845684051514e-02,2.800462022423744202e-02,4.557617753744125366e-02,4.270663112401962280e-02,4.656337946653366089e-02,4.657134413719177246e-02,8.833619765937328339e-03,7.999868132174015045e-03,7.311098277568817139e-03,8.004242554306983948e-03,6.910808384418487549e-03,8.828997611999511719e-03,4.644812270998954773e-02,4.337319731712341309e-02,6.788142025470733643e-03,5.263669043779373169e-02,7.291384041309356689e-03,1.613050699234008789e-06,6.388586759567260742e-02,2.169040217995643616e-02,-8.702278137207031250e-06,1.797679439187049866e-02,9.368516504764556885e-03,1.787637919187545776e-02,1.218037679791450500e-02,5.251434817910194397e-02,2.443842217326164246e-02,-4.179775714874267578e-05,3.068664669990539551e-02,8.249847218394279480e-03,8.912714198231697083e-03,8.255404420197010040e-03
4.012349992990493774e-02,-3.013107925653457642e-05,-2.741813659667968750e-06,-7.573515176773071289e-06,3.609926626086235046e-02,6.054706871509552002e-03,2.984424307942390442e-02,1.924923993647098541e-02,1.928721368312835693e-02,1.667337492108345032e-02,1.988218724727630615e-02,-7.075443863868713379e-05,7.411465048789978027e-06,8.585155010223388672e-03,2.042949199676513672e-05,5.504814907908439636e-06,1.600012183189392090e-05,1.990558207035064697e-02,1.924484595656394958e-02,1.193870604038238525e-02,2.330335602164268494e-02,1.405365765094757080e-05,2.133041620254516602e-02,2.167561277747154236e-02,5.175091698765754700e-02,1.696497201919555664e-05,2.829955145716667175e-02,6.429851055145263672e-06,-7.592141628265380859e-06,1.421543583273887634e-02,3.412584587931632996e-02,3.727268427610397339e-02,2.120878547430038452e-02,2.892755717039108276e-02,3.453344106674194336e-06,3.126420825719833374e-02,-4.034489393234252930e-06
5.047768354415893555e-06,-9.499490261077880859e-07,-1.866370439529418945e-06,-5.735084414482116699e-06,1.651607453823089600e-05,-1.713633537292480469e-07,-3.006309270858764648e-06,-7.162801921367645264e-06,-1.883599907159805298e-07,-2.145767211914062500e-06,-9.246170520782470703e-06,-5.304813385009765625e-06,1.035630702972412109e-06,6.277114152908325195e-06,-1.423060894012451172e-06,5.641952157020568848e-06,1.599360257387161255e-05,-2.098083496093750000e-05,-8.113682270050048828e-06,-5.450099706649780273e-06,7.513910531997680664e-06,6.146728992462158203e-07,-2.726912498474121094e-06,-4.618428647518157959e-06,-1.485645771026611328e-05,3.337134718894958496e-01,1.601874828338623047e-06,2.342462539672851562e-05,1.003965735435485840e-06,2.339482307434082031e-06,-3.792345523834228516e-05,-1.259893178939819336e-05,1.542922109365463257e-05,2.910569310188293457e-05,1.141615211963653564e-05,1.586973667144775391e-06,-3.466382622718811035e-06
4.122420400381088257e-02,6.514169275760650635e-03,2.063715457916259766e-02,2.063106186687946320e-02,3.713744878768920898e-02,2.558767981827259064e-02,2.476482838392257690e-02,2.236017584800720215e-02,2.275232970714569092e-02,1.919704489409923553e-02,1.655979454517364502e-02,8.510646410286426544e-03,7.711879909038543701e-03,3.125653415918350220e-02,7.691211998462677002e-03,3.883615136146545410e-06,2.715429663658142090e-02,1.654171943664550781e-02,1.600654795765876770e-02,9.823706001043319702e-03,1.931151747703552246e-02,-5.722045898437500000e-06,1.743953675031661987e-02,1.796551793813705444e-02,2.826570719480514526e-02,1.095235347747802734e-05,4.680882394313812256e-02,2.738672867417335510e-02,3.997236490249633789e-06,1.170432567596435547e-02,2.827342227101325989e-02,3.084426373243331909e-02,1.748363673686981201e-02,2.391727641224861145e-02,8.232891559600830078e-07,-5.821138620376586914e-05,-1.668184995651245117e-05
2.740214020013809204e-02,1.483039557933807373e-02,4.929157346487045288e-02,4.523245990276336670e-02,2.706602588295936584e-02,5.950212106108665466e-02,-9.521842002868652344e-06,7.216416299343109131e-03,7.653355598449707031e-03,1.221640221774578094e-02,3.955285064876079559e-03,1.926951855421066284e-02,2.620892412960529327e-02,5.487984046339988708e-02,2.619745023548603058e-02,2.260592207312583923e-02,5.284558236598968506e-02,3.925669938325881958e-03,7.938437163829803467e-03,1.116705313324928284e-02,6.139483302831649780e-03,-8.693337440490722656e-05,-4.997476935386657715e-06,9.351681917905807495e-03,-1.943856477737426758e-05,2.128630876541137695e-05,2.738993614912033081e-02,7.149733603000640869e-02,-2.066954039037227631e-06,-1.207226887345314026e-06,2.532079815864562988e-05,-2.899020910263061523e-05,2.896785736083984375e-05,-1.851469278335571289e-05,1.349810510873794556e-02,-2.402067184448242188e-05,1.351202465593814850e-02
1.008960418403148651e-02,1.396907027810811996e-02,-1.671910285949707031e-05,-6.064772605895996094e-05,-8.918344974517822266e-06,1.068823039531707764e-02,3.825835883617401123e-02,3.422222286462783813e-02,2.188111469149589539e-02,1.744395494461059570e-02,1.348927617073059082e-05,-1.348555088043212891e-05,-1.134350895881652832e-06,4.621236026287078857e-02,-7.376074790954589844e-07,-1.594424247741699219e-06,2.181902527809143066e-05,-1.911818981170654297e-05,-3.239512443542480469e-05,1.948326826095581055e-06,-6.299465894699096680e-06,1.139938831329345703e-06,-3.867596387863159180e-05,1.784654706716537476e-02,-4.965811967849731445e-06,-3.699958324432373047e-05,3.717839717864990234e-06,2.095429226756095886e-05,1.527853161096572876e-01,8.336514979600906372e-02,1.210719347000122070e-06,3.115087747573852539e-05,-3.929249942302703857e-06,1.912564039230346680e-05,6.258487701416015625e-06,-2.174079418182373047e-05,-5.118548870086669922e-06
2.986302040517330170e-02,6.355928257107734680e-03,2.980232238769531250e-08,4.690140485763549805e-06,4.097050055861473083e-03,9.733129292726516724e-03,4.853776842355728149e-02,1.864293217658996582e-02,1.326986774802207947e-02,1.057895831763744354e-02,-1.005828380584716797e-05,3.118766471743583679e-06,2.507120370864868164e-06,5.313139408826828003e-02,9.833648800849914551e-05,3.432505764067173004e-06,-8.051283657550811768e-07,-1.589953899383544922e-05,-9.004026651382446289e-06,9.668089449405670166e-03,2.431869506835937500e-05,2.774968743324279785e-05,1.716936752200126648e-02,1.220193505287170410e-02,1.422861963510513306e-02,-7.759779691696166992e-06,1.169402431696653366e-02,-3.794208168983459473e-06,8.333301544189453125e-02,1.293920725584030151e-01,7.008653134107589722e-03,1.458815112709999084e-02,1.713217794895172119e-02,9.898953139781951904e-03,1.950934529304504395e-05,-9.370967745780944824e-06,8.732080459594726562e-06
5.761886760592460632e-02,7.748603820800781250e-06,2.836808562278747559e-06,-1.873681321740150452e-05,6.278407573699951172e-02,2.934694290161132812e-03,1.932988315820693970e-02,1.475614495575428009e-02,1.475423201918601990e-02,2.556253224611282349e-02,7.589546591043472290e-02,3.429129719734191895e-06,-8.730217814445495605e-06,4.158625379204750061e-03,1.846253871917724609e-05,-1.259148120880126953e-06,3.393739461898803711e-05,7.582452148199081421e-02,1.475120335817337036e-02,5.823377519845962524e-03,6.110129505395889282e-02,-1.918524503707885742e-05,1.032046973705291748e-02,5.241769552230834961e-02,3.417740762233734131e-02,-5.111098289489746094e-06,2.827418595552444458e-02,-1.333653926849365234e-06,4.995614290237426758e-06,6.922485306859016418e-03,8.920056372880935669e-02,2.354228124022483826e-02,1.032491680234670639e-02,3.169175237417221069e-02,-4.317611455917358398e-05,-4.637986421585083008e-06,-5.472451448440551758e-06
2.960197441279888153e-02,5.572289228439331055e-05,1.395493745803833008e-05,1.218169927597045898e-06,3.040145337581634521e-02,-2.332404255867004395e-05,3.284219279885292053e-02,2.221403270959854126e-02,2.222300320863723755e-02,2.591788768768310547e-02,9.205192327499389648e-06,-1.927465200424194336e-05,-8.333474397659301758e-06,8.755851536989212036e-03,-3.253668546676635742e-05,5.756504833698272705e-06,1.134723424911499023e-05,1.292675733566284180e-05,3.088586963713169098e-02,1.224860548973083496e-02,1.923387870192527771e-02,1.723319292068481445e-05,2.178712189197540283e-02,2.437094599008560181e-02,3.718462586402893066e-02,2.445280551910400391e-05,3.085576742887496948e-02,3.818422555923461914e-05,2.122484147548675537e-06,1.459618657827377319e-02,2.353886328637599945e-02,5.926795303821563721e-02,2.178916335105895996e-02,3.183006867766380310e-02,-3.361004928592592478e-06,1.703575253486633301e-05,-1.654028892517089844e-05
1.348795928061008453e-02,3.942288458347320557e-06,-1.668930053710937500e-06,-3.367662429809570312e-06,6.109489127993583679e-03,2.816319465637207031e-06,1.542854681611061096e-02,5.338340997695922852e-06,-1.165420690085738897e-05,4.630535840988159180e-06,6.690621376037597656e-06,2.760440111160278320e-05,-3.484077751636505127e-06,1.039219647645950317e-02,-8.974224328994750977e-06,1.464411616325378418e-05,-1.912750303745269775e-05,5.975365638732910156e-06,8.888542652130126953e-06,1.439843326807022095e-02,-4.829466342926025391e-05,9.637326002120971680e-06,2.563900500535964966e-02,6.830319762229919434e-05,2.119389176368713379e-02,4.505366086959838867e-05,1.747825555503368378e-02,2.160668373107910156e-06,-4.360452294349670410e-04,1.716302335262298584e-02,1.032326370477676392e-02,2.176026254892349243e-02,3.592419326305389404e-01,1.483114436268806458e-02,2.586096525192260742e-05,-4.228204488754272461e-06,4.053115844726562500e-06
3.935752063989639282e-02,2.923607826232910156e-05,8.596107363700866699e-07,-2.582557499408721924e-05,4.362000897526741028e-02,8.365206420421600342e-03,2.599427849054336548e-02,1.923669502139091492e-02,1.926617324352264404e-02,3.491133823990821838e-02,1.992879435420036316e-02,-1.661479473114013672e-05,2.808868885040283203e-06,5.964972078800201416e-03,-1.396238803863525391e-05,1.142919063568115234e-05,-9.022653102874755859e-06,1.991879194974899292e-02,4.280722141265869141e-02,8.346123620867729187e-03,3.520009666681289673e-02,-4.023313522338867188e-06,1.479930430650711060e-02,3.067391365766525269e-02,2.884244173765182495e-02,1.301243901252746582e-05,2.395898848772048950e-02,-4.999339580535888672e-06,2.940744161605834961e-05,9.927183389663696289e-03,3.161277994513511658e-02,3.183092176914215088e-02,1.478489488363265991e-02,5.938809365034103394e-02,-1.326203346252441406e-05,6.236135959625244141e-06,2.765655517578125000e-05
1.801721751689910889e-03,-1.226644963026046753e-04,-3.425404429435729980e-06,-1.221150159835815430e-05,1.697549968957901001e-02,9.894965216517448425e-03,1.343202404677867889e-02,-4.060566425323486328e-06,-1.768022775650024414e-05,1.072330772876739502e-02,2.492219209671020508e-06,1.696674525737762451e-02,1.537152007222175598e-02,2.359735220670700073e-02,1.539088413119316101e-02,1.992496475577354431e-02,-1.428276300430297852e-05,-3.945082426071166992e-06,1.388844102621078491e-02,7.980752736330032349e-02,3.848224878311157227e-06,4.060566425323486328e-06,1.100450754165649414e-05,8.189078420400619507e-03,2.246815711259841919e-06,-1.308508217334747314e-06,1.628744974732398987e-02,1.350858435034751892e-02,8.454546332359313965e-06,4.209578037261962891e-07,1.173488795757293701e-02,1.895427703857421875e-05,3.843754529953002930e-05,1.549303345382213593e-02,1.349295377731323242e-01,1.285225152969360352e-05,1.349765956401824951e-01
2.839416265487670898e-05,3.016367554664611816e-05,-1.188891474157571793e-07,3.474578261375427246e-05,8.991047739982604980e-03,1.065786927938461304e-02,7.987022399902343750e-06,-1.516193151473999023e-06,-5.859881639480590820e-06,3.596767783164978027e-06,2.132356166839599609e-05,-5.621463060379028320e-05,3.080815076828002930e-05,1.388788223266601562e-05,-1.075118780136108398e-05,3.004446625709533691e-06,-5.610287189483642578e-06,-5.397945642471313477e-06,-2.273917198181152344e-05,-3.455579280853271484e-05,1.178403198719024658e-02,-1.165270805358886719e-05,-3.580003976821899414e-06,8.848957717418670654e-03,3.122868575155735016e-02,-1.149252057075500488e-06,3.201887011528015137e-06,-1.262873411178588867e-06,-6.273388862609863281e-05,-7.726252079010009766e-06,9.495019912719726562e-05,-7.381662726402282715e-06,6.824731826782226562e-06,2.601183950901031494e-06,-5.184585461392998695e-06,5.556295812129974365e-02,2.741813659667968750e-06
1.293048262596130371e-05,1.900643110275268555e-05,4.108250141143798828e-05,1.524388790130615234e-05,8.319718763232231140e-03,9.787380695343017578e-03,-1.366250216960906982e-06,1.830048859119415283e-06,3.641843795776367188e-05,1.073842495679855347e-02,6.587058305740356445e-05,1.698768138885498047e-02,1.538567058742046356e-02,1.408736594021320343e-02,1.538894325494766235e-02,1.992314495146274567e-02,7.779803127050399780e-05,3.367662429809570312e-06,1.391144469380378723e-02,5.741515755653381348e-02,-7.618218660354614258e-07,-2.050772309303283691e-06,-9.201467037200927734e-07,8.253686130046844482e-03,4.296749830245971680e-05,5.885958671569824219e-07,-6.664078682661056519e-06,1.356260478496551514e-02,5.848705768585205078e-07,-1.713633537292480469e-06,-1.501291990280151367e-05,-2.638995647430419922e-05,-1.745149493217468262e-04,-3.501307219266891479e-06,1.349605321884155273e-01,-3.919750452041625977e-05,1.349601745605468750e-01
